id_penyewaan,kode_barang,nama_pelanggan,tanggal_sewa,durasi_sewa
R0001,T201,Joko,2025-11-14,1
R0002,T202,Budi,2025-11-19,4
R0003,T202,Gita,2023-07-09,3
R0004,T202,Gita,2025-11-07,8
R0005,T202,Budi,2024-07-09,10
R0006,T202,Joko,2023-03-16,6
R0007,T202,Budi,2025-08-10,3
R0008,T203,Budi,2025-03-28,1
R0009,T204,Eka,2025-05-22,8
R0010,T204,Indah,2025-03-17,4
R0011,T204,Gita,2023-11-27,5
R0012,T204,Eka,2024-02-03,8
R0013,T204,Hendra,2024-09-27,5
R0014,T204,Budi,2024-01-18,5
R0015,T206,Hendra,2024-05-05,1
R0016,T401,Eka,2023-04-30,1
R0017,T401,Hendra,2025-09-24,4
R0018,T401,Budi,2023-03-11,4
R0019,T403,Indah,2025-08-01,2
R0020,T408,Gita,2023-04-23,2
R0021,T408,Ahmad,2025-01-17,9
R0022,T408,Budi,2024-04-22,4
R0023,T408,Cindy,2025-06-27,2
R0024,T409,Indah,2025-08-09,3
R0025,T409,Indah,2024-01-23,1
R0026,T411,Indah,2023-08-17,1
R0027,T413,Fajar,2025-10-10,2
R0028,T413,Eka,2024-01-22,2
R0029,T413,Ahmad,2025-08-30,2
R0030,T413,Cindy,2023-10-10,4
R0031,T413,Hendra,2025-01-26,7
R0032,T417,Hendra,2024-01-30,4
R0033,T418,Indah,2024-09-21,2
R0034,T420,Gita,2024-04-25,3
R0035,T425,Budi,2024-12-31,5
R0036,T427,Gita,2024-10-09,1
R0037,T428,Hendra,2023-03-17,2
R0038,T430,Gita,2024-06-09,1
R0039,T601,Eka,2025-11-18,4
R0040,T602,Deni,2025-09-01,2
R0041,T602,Ahmad,2025-02-28,5
R0042,T602,Ahmad,2025-08-02,3
R0043,C401,Gita,2023-09-26,7
R0044,C401,Ahmad,2023-03-29,5
R0045,C401,Joko,2025-07-26,10
R0046,C401,Deni,2025-03-07,6
R0047,C401,Deni,2024-03-31,7
R0048,C401,Deni,2025-10-29,9
R0049,C401,Eka,2026-01-09,7
R0050,C401,Fajar,2023-05-23,7
R0051,C401,Cindy,2024-09-20,6
R0052,C401,Indah,2025-12-03,7
R0053,C401,Hendra,2025-04-30,8
R0054,C401,Indah,2024-05-03,6
R0055,C401,Deni,2024-08-01,8
R0056,C401,Cindy,2023-09-15,7
R0057,C401,Indah,2024-02-12,7
R0058,C402,Ahmad,2024-05-28,4
R0059,C404,Eka,2025-12-11,4
R0060,C404,Budi,2023-06-25,2
R0061,C404,Hendra,2024-10-04,3
R0062,C404,Budi,2023-11-29,1
R0063,C405,Indah,2024-10-27,7
R0064,C405,Fajar,2025-05-09,8
R0065,C405,Ahmad,2025-04-17,4
R0066,C405,Indah,2024-10-08,5
R0067,C501,Ahmad,2024-10-12,2
R0068,C501,Hendra,2025-02-11,4
R0069,C502,Ahmad,2023-03-02,5
R0070,C503,Gita,2025-09-03,4
R0071,C504,Budi,2025-07-18,4
R0072,C601,Ahmad,2024-05-01,1
R0073,C603,Hendra,2024-01-11,5
R0074,C604,Gita,2023-06-19,8
R0075,C604,Joko,2024-06-01,8
R0076,C604,Joko,2023-03-22,9
R0077,C604,Joko,2025-08-11,8
R0078,C604,Budi,2023-03-14,12
R0079,C604,Indah,2025-12-08,11
R0080,C604,Cindy,2023-06-30,10
R0081,C605,Gita,2025-01-13,5
R0082,C605,Cindy,2023-12-13,2
R0083,C605,Hendra,2025-08-30,1
R0084,C606,Joko,2025-09-09,8
R0085,C606,Ahmad,2025-03-24,4
R0086,C606,Ahmad,2025-08-19,6
R0087,TR01,Deni,2025-10-12,12
R0088,TR01,Hendra,2025-10-11,14
R0089,TR01,Eka,2025-10-02,8
R0090,TR01,Deni,2025-07-13,16
R0091,TR01,Gita,2024-09-28,14
R0092,TR01,Cindy,2025-03-24,12
R0093,TR01,Ahmad,2023-09-02,14
R0094,TR01,Joko,2025-07-14,14
R0095,TR01,Indah,2023-06-08,12
R0096,TR01,Fajar,2024-01-12,11
R0097,TR01,Indah,2024-03-15,13
R0098,TR01,Gita,2023-07-08,6
R0099,TR01,Budi,2025-06-15,9
R0100,TR01,Ahmad,2023-11-16,14
R0101,TR01,Cindy,2024-06-02,8
R0102,TR01,Joko,2024-11-19,11
R0103,TR01,Deni,2025-06-21,11
R0104,TR01,Ahmad,2025-10-27,14
R0105,TR01,Indah,2024-01-07,11
R0106,TR01,Eka,2025-01-15,11
R0107,TR01,Hendra,2023-08-12,13
R0108,TR01,Fajar,2023-08-03,13
R0109,TR01,Budi,2024-11-09,10
R0110,TR01,Eka,2025-10-24,12
R0111,TR01,Cindy,2026-01-07,12
R0112,TR01,Eka,2023-09-14,11
R0113,TR01,Joko,2025-06-14,12
R0114,TR01,Eka,2023-12-01,10
R0115,TR01,Indah,2023-10-28,12
R0116,TR01,Budi,2024-07-07,12
R0117,TR01,Deni,2025-09-04,10
R0118,TR01,Gita,2025-03-15,12
R0119,TR01,Eka,2025-12-26,10
R0120,TR01,Budi,2023-05-25,15
R0121,TR01,Budi,2024-01-05,11
R0122,TR01,Hendra,2023-12-28,12
R0123,TR03,Eka,2025-05-22,3
R0124,TR03,Joko,2024-02-24,4
R0125,TR03,Ahmad,2025-12-04,1
R0126,TR06,Eka,2024-10-05,3
R0127,TR07,Fajar,2024-07-01,7
R0128,TR07,Deni,2024-07-06,5
R0129,TR07,Indah,2023-03-19,8
R0130,TR07,Ahmad,2025-06-28,8
R0131,TR07,Ahmad,2025-05-30,4
R0132,TR07,Eka,2025-02-08,9
R0133,TR07,Ahmad,2025-06-05,11
R0134,TR07,Fajar,2023-12-16,9
R0135,TR07,Budi,2025-07-14,7
R0136,TR07,Indah,2025-09-27,4
R0137,TR08,Eka,2024-01-22,1
R0138,TR08,Eka,2024-12-24,8
R0139,TR08,Gita,2023-12-29,6
R0140,TR08,Eka,2024-07-10,8
R0141,TR08,Eka,2024-04-10,5
R0142,TR09,Deni,2025-05-01,1
R0143,TP02,Deni,2024-06-12,3
R0144,TP02,Eka,2025-12-02,3
R0145,TP02,Cindy,2024-07-06,5
R0146,TP04,Deni,2023-06-14,1
R0147,TP05,Indah,2023-03-02,1
R0148,TP06,Gita,2025-08-25,1
R0149,TP07,Ahmad,2024-05-18,8
R0150,TP07,Gita,2024-09-09,5
R0151,TP07,Joko,2025-02-23,8
R0152,TP07,Joko,2025-11-08,6
R0153,TP07,Joko,2025-01-10,5
R0154,TP07,Eka,2025-07-06,7
R0155,TP08,Joko,2024-12-23,4
R0156,TP08,Budi,2025-07-04,7
R0157,TP08,Budi,2025-08-31,3
R0158,TP08,Ahmad,2024-10-01,9
R0159,TP08,Eka,2024-06-25,4
R0160,TP08,Eka,2024-12-21,7
R0161,S01,Indah,2024-12-09,3
R0162,S03,Cindy,2025-04-08,1
R0163,S05,Gita,2024-11-26,4
R0164,S05,Cindy,2025-01-28,5
R0165,S05,Deni,2024-09-04,3
R0166,S08,Deni,2024-02-16,2
R0167,S10,Budi,2024-04-28,5
R0168,S10,Eka,2025-10-11,12
R0169,S10,Fajar,2024-05-01,8
R0170,S10,Fajar,2023-05-06,4
R0171,S10,Budi,2024-03-15,5
R0172,S10,Budi,2025-02-24,7
R0173,S10,Deni,2024-11-03,11
R0174,S10,Joko,2024-12-21,8
R0175,S10,Indah,2024-05-26,9
R0176,S10,Joko,2024-01-05,6
R0177,S11,Gita,2024-11-22,1
R0178,S12,Ahmad,2024-02-27,3
R0179,S12,Budi,2023-12-11,8
R0180,S12,Gita,2024-05-29,4
R0181,S13,Budi,2025-12-07,3
R0182,S14,Gita,2024-06-23,5
R0183,S15,Deni,2024-02-24,1
R0184,S16,Fajar,2024-01-05,3
R0185,S19,Cindy,2023-10-30,4
R0186,S19,Cindy,2023-07-12,3
R0187,S19,Eka,2025-12-25,2
R0188,S19,Budi,2024-09-28,3
R0189,S21,Fajar,2023-11-21,2
R0190,S25,Fajar,2024-01-30,4
R0191,M01,Eka,2025-08-15,2
R0192,M01,Deni,2025-11-18,4
R0193,M01,Deni,2024-08-18,3
R0194,M01,Fajar,2025-11-13,3
R0195,M02,Cindy,2023-04-12,5
R0196,M03,Indah,2025-04-16,8
R0197,M03,Hendra,2024-12-01,9
R0198,M03,Gita,2024-05-30,5
R0199,M03,Gita,2023-05-22,4
R0200,M03,Ahmad,2024-04-03,7
R0201,M05,Deni,2025-04-23,8
R0202,M05,Fajar,2024-04-23,8
R0203,M05,Fajar,2025-04-06,8
R0204,M05,Eka,2024-05-28,7
R0205,M05,Fajar,2024-10-18,9
R0206,M05,Joko,2024-12-20,7
R0207,M05,Eka,2025-08-17,8
R0208,M05,Gita,2024-01-02,9
R0209,M05,Deni,2024-11-18,7
R0210,M05,Budi,2024-11-13,9
R0211,M05,Fajar,2025-03-13,10
R0212,M05,Eka,2024-09-04,12
R0213,M05,Ahmad,2024-09-04,8
R0214,M05,Ahmad,2024-09-22,12
R0215,M05,Hendra,2025-12-28,9
R0216,M05,Gita,2025-04-27,10
R0217,M05,Ahmad,2025-05-10,8
R0218,M05,Ahmad,2023-05-18,5
R0219,M07,Hendra,2025-07-03,1
R0220,M08,Ahmad,2023-05-26,3
R0221,M09,Hendra,2024-12-23,11
R0222,M09,Deni,2024-02-29,9
R0223,M09,Cindy,2024-05-09,12
R0224,M09,Eka,2024-05-15,13
R0225,M09,Joko,2025-04-11,13
R0226,M09,Ahmad,2025-11-16,12
R0227,M09,Budi,2024-02-23,8
R0228,M09,Ahmad,2025-10-18,14
R0229,M09,Joko,2025-06-13,12
R0230,M09,Budi,2023-06-27,13
R0231,M09,Budi,2023-07-27,10
R0232,M09,Eka,2024-03-08,8
R0233,M09,Budi,2023-08-07,12
R0234,M09,Joko,2024-08-04,12
R0235,M09,Indah,2025-04-21,11
R0236,M09,Joko,2024-06-30,9
R0237,M09,Deni,2025-11-09,9
R0238,M09,Ahmad,2025-01-14,9
R0239,M09,Indah,2025-08-04,12
R0240,M09,Budi,2025-09-28,10
R0241,M09,Hendra,2023-07-27,10
R0242,M09,Hendra,2023-12-27,14
R0243,M09,Fajar,2023-10-24,12
R0244,M09,Indah,2024-12-21,13
R0245,M10,Budi,2025-04-08,5
R0246,M10,Fajar,2023-05-27,3
R0247,M10,Fajar,2024-04-24,5
R0248,M10,Gita,2023-03-19,10
R0249,M10,Indah,2024-04-16,5
R0250,M10,Joko,2023-07-14,3
R0251,M10,Deni,2023-07-07,6
R0252,M10,Budi,2025-07-21,5
R0253,M10,Gita,2024-06-15,8
R0254,M12,Indah,2023-06-20,5
R0255,M12,Joko,2024-07-12,7
R0256,M12,Ahmad,2024-09-16,5
R0257,M12,Deni,2026-01-01,6
R0258,M12,Cindy,2024-10-07,6
R0259,M12,Joko,2025-12-09,5
R0260,M12,Deni,2023-07-10,1
R0261,M13,Fajar,2024-08-17,2
R0262,M15,Joko,2024-04-08,1
R0263,M16,Cindy,2023-09-04,1
R0264,M18,Deni,2024-07-12,9
R0265,M20,Cindy,2024-08-17,5
R0266,M22,Joko,2024-12-23,7
R0267,M22,Cindy,2025-11-22,7
R0268,M22,Deni,2024-05-05,5
R0269,M22,Deni,2023-08-30,4
R0270,M22,Indah,2025-04-01,7
R0271,M22,Fajar,2025-12-14,4
R0272,M22,Fajar,2024-12-19,4
R0273,M22,Joko,2023-05-17,7
R0274,M23,Joko,2024-07-12,3
R0275,M24,Fajar,2025-10-28,8
R0276,M24,Ahmad,2025-02-07,10
R0277,M24,Eka,2024-09-13,9
R0278,M24,Eka,2023-04-18,6
R0279,M24,Deni,2025-02-01,4
R0280,M24,Gita,2024-11-27,6
R0281,M24,Deni,2025-12-04,7
R0282,M25,Indah,2025-01-14,3
R0283,M25,Gita,2025-11-09,2
R0284,M27,Joko,2024-11-21,2
R0285,M28,Deni,2023-09-21,1
R0286,M29,Budi,2024-10-16,5
R0287,M29,Budi,2023-11-05,2
R0288,M29,Budi,2024-11-28,7
R0289,M29,Gita,2024-12-31,6
R0290,M29,Hendra,2024-07-04,6
R0291,M29,Eka,2025-08-12,5
R0292,M31,Ahmad,2025-11-08,6
R0293,M32,Indah,2025-06-30,1
R0294,M32,Budi,2023-08-08,7
R0295,M32,Gita,2024-11-18,3
R0296,M33,Ahmad,2023-12-14,3
R0297,M33,Indah,2024-09-23,5
R0298,M35,Fajar,2025-10-21,10
R0299,M35,Budi,2024-10-30,6
R0300,M35,Indah,2023-03-22,8
R0301,M35,Gita,2025-06-19,4
R0302,M35,Hendra,2024-10-08,6
R0303,M35,Ahmad,2024-09-21,7
R0304,M35,Gita,2025-10-15,8
R0305,M35,Deni,2023-12-02,8
R0306,M35,Hendra,2023-09-30,7
R0307,M35,Indah,2025-03-13,8
R0308,M35,Joko,2025-01-08,10
R0309,M35,Hendra,2026-01-13,12
R0310,M35,Cindy,2025-12-06,13
R0311,M35,Budi,2025-04-12,7
R0312,M35,Cindy,2025-02-06,4
R0313,M35,Hendra,2025-04-17,9
R0314,M35,Indah,2024-07-20,6
R0315,M35,Indah,2023-08-11,7
R0316,M35,Hendra,2024-09-09,6
R0317,M35,Budi,2024-09-04,13
R0318,M35,Cindy,2025-04-13,5
R0319,M35,Hendra,2025-07-24,8
R0320,M36,Ahmad,2023-10-06,6
R0321,M36,Deni,2025-12-09,4
R0322,M36,Fajar,2025-11-14,6
R0323,M36,Ahmad,2024-02-29,6
R0324,M36,Gita,2024-09-25,8
R0325,M36,Deni,2025-12-07,8
R0326,M36,Fajar,2025-09-09,8
R0327,M36,Cindy,2023-11-02,6
R0328,M36,Deni,2024-02-16,4
R0329,M36,Cindy,2025-09-15,4
R0330,M36,Indah,2025-01-29,3
R0331,M36,Budi,2024-12-05,3
R0332,M36,Indah,2025-09-28,8
R0333,M36,Joko,2025-02-22,7
R0334,M36,Hendra,2023-08-03,4
R0335,M37,Cindy,2025-11-05,4
R0336,M39,Gita,2025-10-08,6
R0337,M39,Cindy,2025-08-12,8
R0338,M39,Deni,2023-12-14,6
R0339,M39,Hendra,2025-08-09,4
R0340,M39,Gita,2023-11-03,9
R0341,M39,Hendra,2024-05-27,6
R0342,M39,Cindy,2025-07-02,8
R0343,M40,Deni,2023-07-21,10
R0344,M40,Ahmad,2024-06-02,5
R0345,M40,Fajar,2024-09-01,8
R0346,M40,Gita,2023-10-05,9
R0347,M40,Eka,2025-08-04,5
R0348,M40,Cindy,2025-06-17,6
R0349,M40,Joko,2024-10-16,7
R0350,M40,Gita,2024-11-03,7
R0351,M40,Cindy,2024-12-21,7
R0352,M40,Joko,2025-08-15,9
R0353,M40,Gita,2023-12-09,6
R0354,M40,Cindy,2024-11-22,10
R0355,M40,Eka,2025-09-28,5
R0356,M40,Hendra,2025-01-04,7
R0357,M40,Eka,2024-06-07,4
R0358,M40,Indah,2025-11-25,7
R0359,M40,Hendra,2023-05-07,5
R0360,M40,Ahmad,2025-01-23,5
R0361,M41,Eka,2023-11-23,3
R0362,M42,Indah,2025-12-07,5
R0363,M45,Cindy,2025-11-01,3
R0364,M45,Deni,2023-03-26,5
R0365,M45,Cindy,2024-10-25,8
R0366,M45,Gita,2023-07-10,5
R0367,M45,Cindy,2024-02-11,5
R0368,M45,Budi,2025-07-01,4
R0369,M46,Gita,2024-02-10,3
R0370,M47,Indah,2023-09-30,7
R0371,M47,Hendra,2024-09-23,2
R0372,M48,Ahmad,2024-02-25,8
R0373,M48,Hendra,2024-05-14,8
R0374,M48,Cindy,2023-07-20,4
R0375,M48,Fajar,2025-03-18,13
R0376,M48,Ahmad,2023-04-18,7
R0377,M48,Gita,2024-09-05,8
R0378,M48,Eka,2024-02-04,10
R0379,M48,Indah,2025-02-01,5
R0380,M48,Indah,2025-05-25,9
R0381,M48,Gita,2025-07-03,11
R0382,M48,Cindy,2024-03-31,9
R0383,M48,Ahmad,2025-08-23,8
R0384,M49,Ahmad,2024-05-18,1
R0385,M49,Budi,2024-10-22,3
R0386,M49,Ahmad,2025-11-14,1
R0387,PT01,Deni,2024-06-27,3
R0388,PT01,Joko,2024-01-26,2
R0389,PT01,Indah,2024-12-14,2
R0390,PT02,Budi,2025-08-26,8
R0391,PT02,Cindy,2024-09-13,5
R0392,PT02,Eka,2024-05-27,6
R0393,PT02,Ahmad,2024-03-21,2
R0394,PT04,Ahmad,2023-10-21,7
R0395,PT04,Hendra,2025-11-10,6
R0396,PT04,Fajar,2023-12-02,4
R0397,PT04,Eka,2024-04-23,4
R0398,PT04,Budi,2026-01-17,8
R0399,PT04,Joko,2023-09-11,3
R0400,PT04,Budi,2025-01-07,5
R0401,PT04,Eka,2024-05-13,7
R0402,PT04,Ahmad,2025-06-10,4
R0403,PT08,Ahmad,2025-08-30,1
R0404,PT08,Fajar,2025-07-28,5
R0405,PT08,Deni,2024-09-26,1
R0406,PT10,Deni,2025-06-10,5
R0407,PT12,Deni,2025-09-11,2
R0408,PT13,Joko,2024-02-26,1
R0409,PT14,Joko,2023-11-17,11
R0410,PT14,Joko,2024-06-27,15
R0411,PT14,Cindy,2023-07-03,9
R0412,PT14,Deni,2024-12-05,9
R0413,PT14,Fajar,2025-04-24,8
R0414,PT14,Eka,2023-05-07,9
R0415,PT14,Eka,2023-12-30,9
R0416,PT14,Cindy,2024-02-06,12
R0417,PT14,Cindy,2025-08-15,9
R0418,PT14,Ahmad,2025-03-31,10
R0419,PT14,Gita,2024-02-04,9
R0420,PT14,Cindy,2025-06-13,10
R0421,PT14,Deni,2024-06-25,12
R0422,PT14,Ahmad,2024-05-08,11
R0423,PT14,Cindy,2023-06-12,14
R0424,PT14,Gita,2023-08-12,10
R0425,PT14,Deni,2024-08-01,11
R0426,PT14,Eka,2023-05-03,10
R0427,PT14,Fajar,2023-11-22,10
R0428,PT14,Gita,2024-03-29,7
R0429,PT14,Indah,2024-06-18,12
R0430,PT14,Joko,2024-09-08,11
R0431,PT14,Deni,2025-07-30,12
R0432,PT14,Fajar,2025-07-11,11
R0433,PT14,Ahmad,2025-12-17,11
R0434,PT14,Indah,2024-04-10,8
R0435,PT14,Budi,2024-07-11,14
R0436,PT14,Cindy,2024-10-24,12
R0437,PT14,Indah,2025-04-10,11
R0438,PT14,Ahmad,2023-06-24,14
R0439,PT14,Gita,2024-01-31,13
R0440,PT14,Budi,2025-02-17,6
R0441,PT14,Eka,2024-06-22,12
R0442,PT14,Indah,2023-09-10,14
R0443,PT15,Eka,2023-04-26,3
R0444,PT15,Eka,2023-03-01,3
R0445,PT15,Indah,2023-07-19,5
R0446,PT17,Hendra,2023-09-10,8
R0447,PT17,Fajar,2025-05-10,6
R0448,PT17,Budi,2025-08-26,5
R0449,PT17,Budi,2023-04-14,7
R0450,PT17,Ahmad,2025-09-21,8
R0451,PT17,Fajar,2024-03-09,6
R0452,PT17,Budi,2024-01-16,8
R0453,PT17,Budi,2025-12-31,4
R0454,PT17,Cindy,2023-12-20,8
R0455,PT19,Fajar,2025-10-29,1
R0456,PT20,Ahmad,2024-01-15,3
R0457,PT21,Ahmad,2024-05-10,6
R0458,PT22,Joko,2024-08-25,4
R0459,PT22,Deni,2025-12-28,5
R0460,PT22,Budi,2023-08-07,7
R0461,PT23,Fajar,2024-04-15,1
R0462,PT24,Gita,2023-11-15,1
R0463,PT25,Budi,2025-12-30,1
R0464,PT26,Ahmad,2025-07-20,4
R0465,PT26,Budi,2025-11-15,6
R0466,PT26,Ahmad,2023-12-19,3
R0467,PT26,Indah,2025-05-26,1
R0468,PT26,Indah,2024-12-27,4
R0469,PT26,Budi,2024-09-27,5
R0470,PT27,Cindy,2025-08-27,9
R0471,PT27,Hendra,2023-07-19,8
R0472,PT27,Eka,2025-01-19,9
R0473,PT27,Ahmad,2024-04-04,11
R0474,PT27,Gita,2024-11-21,15
R0475,PT27,Eka,2025-08-22,11
R0476,PT27,Hendra,2025-09-14,10
R0477,PT27,Indah,2024-08-04,12
R0478,PT27,Deni,2024-08-14,12
R0479,PT27,Gita,2025-11-03,11
R0480,PT27,Indah,2024-08-21,10
R0481,PT27,Indah,2023-10-13,10
R0482,PT27,Budi,2025-12-31,11
R0483,PT27,Indah,2025-03-10,12
R0484,PT27,Fajar,2024-01-23,12
R0485,PT27,Gita,2025-10-07,14
R0486,PT27,Indah,2023-08-09,13
R0487,PT27,Fajar,2025-04-14,14
R0488,PT27,Eka,2025-09-25,13
R0489,PT27,Deni,2024-08-21,10
R0490,PT27,Cindy,2023-10-21,13
R0491,PT27,Eka,2023-04-18,12
R0492,PT27,Eka,2024-09-08,9
R0493,PT27,Fajar,2025-07-15,10
R0494,PT27,Hendra,2025-07-31,14
R0495,PT31,Ahmad,2025-07-05,1
R0496,PT32,Fajar,2025-01-26,5
R0497,PT34,Eka,2025-03-14,5
R0498,PT34,Ahmad,2024-12-24,4
R0499,PT34,Eka,2023-04-24,1
R0500,PT34,Gita,2024-06-26,6
R0501,PT34,Hendra,2024-11-12,7
R0502,PT35,Hendra,2025-02-26,8
R0503,PT36,Budi,2024-12-03,2
R0504,PT37,Joko,2024-06-13,4
R0505,PT38,Fajar,2024-11-20,4
R0506,PT38,Ahmad,2023-10-19,3
R0507,PT39,Eka,2024-02-25,1
R0508,PT39,Hendra,2024-05-29,2
R0509,PT39,Ahmad,2025-12-01,4
R0510,PT44,Fajar,2023-10-02,1
R0511,PT46,Joko,2024-09-09,2
R0512,PT47,Deni,2023-03-05,4
R0513,PT47,Budi,2024-02-24,2
R0514,PT47,Budi,2024-04-25,4
R0515,PT48,Fajar,2023-12-02,4
R0516,PT48,Budi,2024-05-19,4
R0517,PT48,Cindy,2025-02-11,3
R0518,PT48,Fajar,2025-11-14,1
R0519,PT48,Fajar,2024-08-01,4
R0520,PT50,Hendra,2024-09-10,2
R0521,PT51,Indah,2024-05-19,2
R0522,PT51,Cindy,2023-11-29,6
R0523,PT51,Ahmad,2024-01-05,4
R0524,PT51,Eka,2024-11-08,8
R0525,PT51,Deni,2025-06-25,5
R0526,PT51,Ahmad,2024-07-07,3
R0527,PT52,Fajar,2024-10-13,6
R0528,PT52,Fajar,2023-06-01,3
R0529,PT52,Joko,2023-07-15,6
R0530,PT52,Eka,2023-08-18,7
R0531,PT52,Hendra,2023-08-17,7
R0532,PT53,Eka,2025-04-28,1
R0533,PT54,Joko,2024-02-12,7
R0534,PT54,Indah,2025-03-09,2
R0535,PT54,Indah,2024-12-26,2
R0536,PT55,Deni,2025-11-04,6
R0537,PT59,Budi,2025-02-15,7
R0538,PT60,Deni,2023-08-01,1
R0539,PT61,Deni,2024-01-09,1
R0540,PT66,Gita,2024-04-06,3
R0541,PT67,Deni,2024-01-21,4
R0542,PT67,Joko,2025-04-29,7
R0543,PT67,Hendra,2023-05-23,2
R0544,PT68,Gita,2023-06-20,4
R0545,PT69,Hendra,2024-06-17,1
R0546,PT71,Hendra,2025-11-18,11
R0547,PT71,Indah,2024-08-17,9
R0548,PT71,Gita,2024-05-06,11
R0549,PT71,Eka,2024-11-17,9
R0550,PT71,Indah,2025-01-09,10
R0551,PT71,Joko,2025-01-28,9
R0552,PT71,Gita,2025-01-08,11
R0553,PT71,Indah,2023-09-28,12
R0554,PT71,Eka,2023-12-31,8
R0555,PT71,Indah,2024-08-18,9
R0556,PT71,Fajar,2024-07-08,9
R0557,PT71,Hendra,2024-07-16,11
R0558,PT71,Gita,2025-03-22,14
R0559,PT71,Indah,2025-09-23,9
R0560,PT71,Joko,2025-11-01,12
R0561,PT71,Deni,2025-02-23,12
R0562,PT71,Eka,2023-07-31,7
R0563,PT71,Indah,2025-07-16,11
R0564,PT71,Deni,2024-09-13,9
R0565,PT71,Gita,2024-07-01,8
R0566,PT71,Gita,2025-12-19,10
R0567,PT72,Indah,2024-07-21,4
R0568,PT72,Indah,2024-06-19,6
R0569,PT74,Gita,2023-10-31,3
R0570,PT75,Joko,2025-10-18,3
R0571,PT77,Deni,2024-03-03,2
R0572,PT78,Indah,2025-08-18,3
R0573,PT78,Fajar,2025-11-17,6
R0574,PT78,Cindy,2025-11-24,3
R0575,PT81,Fajar,2024-05-25,1
R0576,PT85,Budi,2024-05-24,4
R0577,PT86,Ahmad,2024-07-12,7
R0578,PT86,Eka,2025-12-30,8
R0579,PT86,Fajar,2024-01-25,7
R0580,PT86,Indah,2024-07-29,5
R0581,PT86,Ahmad,2025-06-23,5
R0582,PT86,Indah,2023-04-19,9
R0583,PT86,Gita,2023-03-19,6
R0584,PT86,Ahmad,2024-05-25,8
R0585,PT86,Cindy,2024-03-25,5
R0586,PT86,Fajar,2023-07-06,9
R0587,PT86,Joko,2025-03-29,7
R0588,PT86,Budi,2023-03-17,7
R0589,PT87,Indah,2025-01-09,8
R0590,PT87,Cindy,2025-12-13,9
R0591,PT87,Budi,2025-04-16,10
R0592,PT87,Fajar,2024-10-06,7
R0593,PT87,Fajar,2023-03-22,7
R0594,PT87,Indah,2023-03-20,4
R0595,PT87,Cindy,2025-10-05,6
R0596,PT87,Budi,2024-03-01,10
R0597,PT87,Joko,2025-05-10,5
R0598,PT87,Ahmad,2023-05-12,9
R0599,PT87,Budi,2024-09-10,8
R0600,PT87,Deni,2024-04-16,12
R0601,PT87,Fajar,2024-10-15,6
R0602,PT87,Budi,2025-07-15,7
R0603,PT87,Ahmad,2024-04-17,5
R0604,PT89,Indah,2025-05-25,8
R0605,PT90,Fajar,2023-04-15,8
R0606,PT90,Joko,2024-12-16,4
R0607,PT90,Deni,2024-03-04,5
R0608,PT90,Deni,2024-03-01,9
R0609,PT90,Indah,2024-03-13,10
R0610,PT90,Budi,2023-08-17,9
R0611,PT90,Eka,2023-09-28,8
R0612,PT90,Deni,2023-07-29,4
R0613,PT90,Eka,2025-12-18,5
R0614,PT92,Budi,2023-09-19,1
R0615,PT94,Gita,2024-01-25,1
R0616,PT95,Cindy,2024-11-28,5
R0617,PT96,Joko,2024-01-13,4
R0618,PT96,Ahmad,2025-07-17,7
R0619,PT96,Cindy,2025-12-09,7
R0620,PT96,Joko,2024-07-06,10
R0621,PT96,Indah,2025-02-18,7
R0622,PT96,Ahmad,2023-12-20,8
R0623,PT96,Fajar,2025-05-04,8
R0624,PT96,Deni,2025-01-08,6
R0625,PT96,Joko,2023-05-31,7
R0626,PT98,Gita,2023-11-11,1
R0627,PT100,Fajar,2025-11-12,3
R0628,PT101,Eka,2025-12-02,1
R0629,PT103,Deni,2023-10-28,2
R0630,PT105,Hendra,2023-09-12,2
R0631,PT108,Hendra,2023-12-02,1
R0632,PT111,Joko,2024-11-11,2
R0633,PT114,Cindy,2024-01-08,4
R0634,PT114,Cindy,2023-06-17,3
R0635,PT114,Gita,2024-12-21,7
R0636,PT121,Deni,2024-12-12,2
R0637,PT126,Fajar,2024-05-23,4
R0638,PT127,Joko,2025-02-18,2
R0639,PT128,Deni,2024-11-23,2
R0640,PT128,Indah,2025-01-02,3
R0641,PT128,Hendra,2025-12-29,1
R0642,PT129,Ahmad,2023-07-15,4
R0643,PT129,Hendra,2025-10-13,6
R0644,PT129,Joko,2023-08-22,7
R0645,PT129,Fajar,2024-05-22,4
R0646,PT129,Ahmad,2025-09-15,3
R0647,PT129,Hendra,2023-10-31,5
R0648,PT129,Gita,2023-03-17,4
R0649,PT129,Gita,2023-12-30,8
R0650,PT129,Ahmad,2025-05-29,7
R0651,PT129,Cindy,2024-08-10,6
R0652,PT129,Eka,2024-08-22,7
R0653,PT129,Fajar,2024-04-19,7
R0654,PT130,Hendra,2024-11-21,2
R0655,PT131,Cindy,2024-07-17,3
R0656,PT131,Indah,2024-11-19,4
R0657,PT131,Indah,2025-02-15,6
R0658,PT133,Eka,2025-08-15,8
R0659,PT133,Cindy,2025-09-27,10
R0660,PT133,Budi,2024-03-18,7
R0661,PT133,Hendra,2024-08-15,5
R0662,PT133,Deni,2023-12-17,7
R0663,PT133,Fajar,2025-06-02,7
R0664,PT133,Deni,2024-01-29,8
R0665,PT133,Cindy,2023-10-07,4
R0666,PT133,Fajar,2023-03-03,9
R0667,PT133,Deni,2023-09-22,6
R0668,PT133,Joko,2025-06-20,7
R0669,PT133,Budi,2024-11-08,7
R0670,PT133,Indah,2024-09-11,9
R0671,PT133,Hendra,2024-02-11,6
R0672,PT136,Joko,2023-11-05,2
R0673,PT137,Cindy,2025-05-15,5
R0674,PT140,Indah,2024-10-03,6
R0675,PT141,Cindy,2025-09-10,4
R0676,PT141,Deni,2025-07-05,3
R0677,PT141,Joko,2024-07-02,8
R0678,PT141,Joko,2025-06-21,7
R0679,PT141,Indah,2023-11-22,3
R0680,PT143,Budi,2025-10-10,1
R0681,PT144,Ahmad,2025-02-13,5
R0682,PT144,Budi,2024-07-26,5
R0683,PT146,Ahmad,2025-07-05,3
R0684,PT148,Cindy,2024-07-17,2
R0685,PT149,Eka,2023-04-30,1
R0686,PT150,Deni,2025-09-08,1
R0687,PT151,Gita,2025-10-30,6
R0688,PT151,Hendra,2025-06-15,9
R0689,PT151,Ahmad,2024-02-03,4
R0690,PT151,Fajar,2024-09-25,3
R0691,PT151,Eka,2025-08-09,6
R0692,PT151,Hendra,2025-06-05,7
R0693,PT151,Hendra,2025-01-18,6
R0694,PT152,Hendra,2024-05-28,8
R0695,PT152,Ahmad,2023-05-16,6
R0696,PT152,Fajar,2025-08-09,6
R0697,PT152,Ahmad,2025-01-16,10
R0698,PT152,Deni,2025-05-11,3
R0699,PT152,Eka,2024-06-01,8
R0700,PT154,Hendra,2024-06-04,3
R0701,PT154,Gita,2023-06-22,2
R0702,PT155,Eka,2024-07-27,7
R0703,PT155,Cindy,2023-07-16,3
R0704,PT155,Budi,2025-01-11,4
R0705,PT156,Gita,2025-09-24,6
R0706,PT156,Budi,2024-12-10,6
R0707,PT163,Budi,2023-08-17,4
R0708,PT164,Budi,2025-01-22,8
R0709,PT164,Indah,2025-08-04,8
R0710,PT164,Fajar,2025-11-25,5
R0711,PT165,Hendra,2025-06-10,5
R0712,PT166,Ahmad,2025-09-28,6
R0713,PT169,Hendra,2024-05-07,4
R0714,PT170,Cindy,2023-08-13,5
R0715,PT172,Eka,2023-05-29,1
R0716,PT173,Hendra,2025-07-23,7
R0717,PT173,Ahmad,2024-12-19,7
R0718,PT173,Deni,2024-11-29,7
R0719,PT173,Gita,2024-11-17,9
R0720,PT173,Hendra,2025-10-31,5
R0721,PT173,Indah,2025-09-29,10
R0722,PT173,Cindy,2025-09-16,6
R0723,PT173,Gita,2023-09-28,9
R0724,PT173,Hendra,2025-06-02,5
R0725,PT173,Gita,2024-10-27,7
R0726,PT173,Ahmad,2025-09-30,8
R0727,PT173,Joko,2025-05-18,6
R0728,PT173,Deni,2025-04-01,7
R0729,PT173,Deni,2023-04-19,7
R0730,PT173,Eka,2025-04-21,7
R0731,PT174,Hendra,2024-10-04,1
R0732,PT174,Hendra,2023-06-18,2
R0733,PT174,Deni,2025-07-09,1
R0734,PT177,Hendra,2023-08-13,1
R0735,PT180,Eka,2023-03-11,4
R0736,PR01,Hendra,2023-10-24,4
R0737,PR01,Joko,2025-03-04,5
R0738,PR08,Indah,2025-04-28,1
R0739,PR10,Gita,2025-10-27,5
R0740,PR10,Ahmad,2025-01-07,5
R0741,PR11,Budi,2023-04-09,1
R0742,PR14,Gita,2024-05-17,2
R0743,PR16,Indah,2025-08-28,1
R0744,PR17,Ahmad,2024-06-30,1
R0745,PR20,Fajar,2025-12-11,4
R0746,PR21,Fajar,2025-06-22,3
R0747,PR21,Cindy,2023-06-28,1
R0748,PR21,Budi,2025-03-27,1
R0749,PR22,Cindy,2024-10-28,1
R0750,PR24,Ahmad,2025-01-27,2
R0751,PR25,Indah,2024-02-12,3
R0752,PR25,Eka,2023-12-12,5
R0753,PR25,Deni,2025-03-31,10
R0754,PR28,Deni,2023-12-01,3
R0755,PR29,Ahmad,2025-09-17,1
R0756,PR31,Gita,2023-06-17,1
R0757,PR32,Gita,2024-01-09,3
R0758,PR34,Budi,2025-08-03,1
R0759,PR35,Budi,2025-08-29,4
R0760,PR35,Budi,2023-10-24,4
R0761,PR36,Hendra,2024-10-26,6
R0762,PR36,Indah,2024-11-17,5
R0763,PR36,Deni,2025-02-11,7
R0764,PR36,Ahmad,2025-09-11,8
R0765,PR36,Indah,2024-01-02,9
R0766,PR36,Ahmad,2023-07-18,9
R0767,PR36,Hendra,2025-10-29,8
R0768,PR36,Gita,2025-07-30,8
R0769,PR36,Eka,2025-07-10,6
R0770,PR36,Gita,2024-04-27,9
R0771,PR36,Cindy,2024-03-24,5
R0772,PR36,Hendra,2025-05-30,5
R0773,PR36,Eka,2023-10-13,4
R0774,PR36,Cindy,2023-06-12,6
R0775,PR39,Gita,2023-08-31,7
R0776,PR39,Cindy,2023-12-18,5
R0777,PR39,Cindy,2023-08-24,7
R0778,PR39,Cindy,2023-11-07,8
R0779,PR40,Hendra,2025-05-04,3
R0780,PR40,Hendra,2024-10-29,2
R0781,PR41,Indah,2024-03-04,1
R0782,PR42,Fajar,2025-09-05,7
R0783,PR42,Hendra,2025-11-26,7
R0784,PR42,Cindy,2025-12-28,8
R0785,PR42,Ahmad,2023-07-30,8
R0786,PR42,Cindy,2023-11-26,8
R0787,PR42,Budi,2024-06-02,6
R0788,PR42,Budi,2024-02-14,8
R0789,PR43,Fajar,2023-05-26,1
R0790,PR45,Indah,2023-07-27,1
R0791,PR47,Joko,2024-05-19,1
R0792,PR48,Indah,2025-10-03,2
R0793,PR49,Gita,2025-08-06,4
R0794,PR50,Eka,2024-08-11,6
R0795,PR50,Cindy,2025-03-08,9
R0796,PR50,Indah,2023-07-16,7
R0797,PR50,Eka,2025-12-03,5
R0798,PR50,Eka,2024-01-05,5
R0799,PR50,Eka,2023-04-25,6
R0800,PR51,Budi,2025-03-21,6
R0801,PR51,Gita,2024-02-23,8
R0802,PR51,Hendra,2025-02-14,7
R0803,PR51,Budi,2025-10-15,7
R0804,PR51,Deni,2024-08-24,8
R0805,PR51,Hendra,2025-07-04,7
R0806,PR51,Ahmad,2023-06-19,11
R0807,PR51,Eka,2025-03-30,4
R0808,PR51,Fajar,2023-03-22,10
R0809,PR51,Ahmad,2024-10-31,5
R0810,PR53,Fajar,2024-12-16,1
R0811,PR53,Cindy,2025-06-26,4
R0812,PR54,Fajar,2023-05-11,2
R0813,PR56,Fajar,2024-04-18,6
R0814,PR56,Joko,2025-11-06,5
R0815,PR56,Eka,2024-04-10,4
R0816,PR56,Deni,2025-11-10,6
R0817,PR56,Budi,2024-03-24,6
R0818,PR56,Indah,2025-04-23,4
R0819,PR56,Gita,2024-08-07,5
R0820,PR56,Cindy,2023-03-19,7
R0821,PR56,Joko,2024-04-22,7
R0822,PR56,Hendra,2024-05-05,1
R0823,PR56,Ahmad,2024-03-15,3
R0824,PR56,Deni,2024-02-18,4
R0825,PR56,Deni,2025-06-03,2
R0826,PR56,Deni,2025-05-16,6
R0827,PR57,Hendra,2023-10-23,2
R0828,PR58,Indah,2023-08-18,2
R0829,PR62,Cindy,2024-10-03,10
R0830,PR62,Joko,2025-05-06,10
R0831,PR62,Gita,2024-12-17,5
R0832,PR62,Fajar,2024-05-26,3
R0833,PR62,Fajar,2024-07-06,8
R0834,PR62,Joko,2023-12-13,7
R0835,PR62,Fajar,2024-10-28,8
R0836,PR63,Cindy,2024-05-20,2
R0837,PR64,Eka,2025-05-19,8
R0838,PR64,Fajar,2024-04-19,3
R0839,PR65,Joko,2023-07-28,3
R0840,PR65,Gita,2023-05-15,6
R0841,PR66,Joko,2023-06-21,2
R0842,PR66,Eka,2023-07-03,2
R0843,PR66,Budi,2025-07-31,1
R0844,PR66,Indah,2024-03-02,6
R0845,PR67,Indah,2025-12-11,1
R0846,PR67,Cindy,2026-01-12,6
R0847,PR68,Fajar,2023-06-07,4
R0848,PD01,Budi,2025-08-10,7
R0849,PD01,Cindy,2025-06-21,8
R0850,PD01,Eka,2024-06-25,6
R0851,PD01,Joko,2023-09-03,8
R0852,PD01,Deni,2023-05-15,9
R0853,PD01,Hendra,2025-11-23,13
R0854,PD01,Gita,2025-01-31,11
R0855,PD01,Ahmad,2024-09-25,8
R0856,PD01,Ahmad,2023-11-08,7
R0857,PD01,Joko,2024-03-10,8
R0858,PD01,Deni,2025-02-17,8
R0859,PD01,Eka,2025-05-04,9
R0860,PD01,Gita,2025-09-11,7
R0861,PD01,Deni,2024-04-03,11
R0862,PD01,Cindy,2025-05-05,6
R0863,PD01,Joko,2023-10-14,10
R0864,PD01,Eka,2026-01-08,12
R0865,PD01,Indah,2023-03-27,9
R0866,PD01,Deni,2025-06-15,10
R0867,PD01,Fajar,2025-09-03,8
R0868,PD01,Cindy,2026-01-17,8
R0869,PD01,Fajar,2024-06-13,7
R0870,PD01,Deni,2023-10-07,10
R0871,PD01,Indah,2024-08-15,6
R0872,PD01,Cindy,2025-12-05,6
R0873,PD01,Deni,2024-10-02,9
R0874,PD01,Deni,2025-12-27,9
R0875,PD01,Fajar,2025-09-01,9
R0876,PD02,Budi,2025-11-13,7
R0877,PD06,Indah,2024-07-02,3
R0878,PD10,Deni,2023-09-03,5
R0879,PD11,Gita,2023-09-10,4
R0880,PD14,Gita,2025-08-23,1
R0881,PD14,Joko,2024-02-04,2
R0882,PD14,Budi,2025-02-08,2
R0883,PD14,Cindy,2024-08-12,5
R0884,PD14,Ahmad,2024-07-02,4
R0885,PD17,Joko,2024-12-15,1
R0886,PD19,Ahmad,2025-05-16,5
R0887,PD19,Eka,2025-06-22,8
R0888,PD19,Deni,2023-09-01,8
R0889,PD19,Budi,2025-03-23,5
R0890,PD19,Hendra,2023-03-12,1
R0891,PD19,Indah,2024-10-08,6
R0892,PD19,Gita,2025-04-26,5
R0893,PD19,Deni,2023-04-29,7
R0894,PD19,Budi,2025-09-08,8
R0895,PD20,Gita,2024-08-08,4
R0896,PD20,Eka,2023-12-05,5
R0897,PD20,Budi,2024-11-11,4
R0898,PD20,Fajar,2024-01-08,2
R0899,PD20,Deni,2023-04-05,1
R0900,PD22,Gita,2023-09-11,5
R0901,PD22,Eka,2024-06-22,3
R0902,PD23,Ahmad,2025-02-07,2
R0903,PD25,Eka,2025-01-09,1
R0904,PD27,Ahmad,2024-11-05,1
R0905,PD28,Gita,2025-04-23,3
R0906,PD28,Hendra,2025-05-08,6
R0907,PD28,Fajar,2023-11-06,8
R0908,PD29,Indah,2025-06-14,2
R0909,PD30,Fajar,2025-09-25,2
R0910,PD30,Cindy,2024-08-09,3
R0911,PD30,Ahmad,2023-09-09,2
R0912,PD31,Fajar,2025-06-29,1
R0913,PD35,Eka,2025-10-02,4
R0914,PD37,Indah,2023-12-01,1
R0915,PD39,Indah,2025-11-11,1
R0916,PD39,Eka,2023-04-21,4
R0917,PD39,Deni,2025-07-24,3
R0918,PD40,Cindy,2025-07-05,3
R0919,PD41,Hendra,2023-12-24,3
R0920,PD42,Gita,2024-05-08,3
R0921,PD42,Budi,2024-12-25,5
R0922,PD42,Cindy,2024-04-30,4
R0923,PD43,Cindy,2025-03-11,2
R0924,PD43,Deni,2024-01-22,4
R0925,PD44,Cindy,2024-03-10,1
R0926,PD45,Eka,2023-04-15,13
R0927,PD45,Deni,2024-10-20,9
R0928,PD45,Ahmad,2023-11-15,12
R0929,PD45,Fajar,2023-03-07,6
R0930,PD45,Gita,2024-05-02,8
R0931,PD45,Fajar,2025-03-16,10
R0932,PD45,Deni,2025-07-12,11
R0933,PD45,Ahmad,2025-04-20,11
R0934,PD45,Deni,2025-10-18,9
R0935,PD45,Eka,2025-01-13,7
R0936,PD45,Fajar,2024-09-26,8
R0937,PD45,Indah,2023-10-30,9
R0938,PD45,Indah,2025-12-03,6
R0939,PD45,Budi,2024-01-24,15
R0940,PD45,Deni,2025-03-11,9
R0941,PD45,Budi,2025-01-01,10
R0942,PD45,Deni,2025-08-29,9
R0943,PD45,Gita,2024-04-30,9
R0944,PD45,Budi,2024-06-20,12
R0945,PD48,Indah,2023-12-17,3
R0946,PD50,Cindy,2024-07-20,3
R0947,PD51,Joko,2026-01-18,7
R0948,PD51,Fajar,2024-08-23,9
R0949,PD51,Joko,2023-06-16,8
R0950,PD51,Gita,2025-01-21,10
R0951,PD51,Eka,2023-11-08,9
R0952,PD51,Joko,2023-04-02,3
R0953,PD51,Budi,2025-07-09,7
R0954,PD51,Fajar,2023-08-19,8
R0955,PD51,Fajar,2023-11-29,10
R0956,PD51,Joko,2024-02-27,9
R0957,PD51,Budi,2024-09-30,7
R0958,PD51,Hendra,2024-10-25,7
R0959,PD51,Eka,2023-03-22,4
R0960,PD51,Gita,2023-07-22,5
R0961,PD51,Indah,2023-10-10,10
R0962,PD51,Fajar,2025-10-09,6
R0963,PD51,Eka,2024-04-19,9
R0964,PD51,Joko,2024-06-22,10
R0965,PD51,Cindy,2025-08-06,8
R0966,PD51,Cindy,2025-04-16,7
R0967,PD51,Joko,2024-11-12,8
R0968,PD52,Cindy,2024-10-17,3
R0969,PD56,Eka,2024-01-28,2
R0970,PD57,Hendra,2023-11-21,1
R0971,PD58,Joko,2023-12-31,2
R0972,PD59,Deni,2025-09-22,2
R0973,PD61,Budi,2025-10-20,7
R0974,PD61,Hendra,2023-08-26,1
R0975,PD61,Ahmad,2023-06-19,9
R0976,PD61,Indah,2025-05-22,3
R0977,PD61,Gita,2025-11-18,7
R0978,PD61,Eka,2024-10-26,6
R0979,PD61,Budi,2023-07-26,6
R0980,PD61,Budi,2025-05-21,4
R0981,PD63,Fajar,2023-04-04,5
R0982,PD63,Hendra,2024-09-07,1
R0983,PD63,Fajar,2023-10-19,5
R0984,PD64,Gita,2023-05-15,5
R0985,PD64,Deni,2025-01-27,4
R0986,PD64,Ahmad,2023-11-08,1
R0987,PD65,Gita,2023-07-05,16
R0988,PD65,Fajar,2025-12-14,9
R0989,PD65,Hendra,2024-12-21,14
R0990,PD65,Gita,2023-10-22,12
R0991,PD65,Gita,2023-09-30,16
R0992,PD65,Budi,2024-07-03,11
R0993,PD65,Budi,2024-01-07,12
R0994,PD65,Cindy,2025-01-08,11
R0995,PD65,Fajar,2025-01-10,12
R0996,PD65,Eka,2024-12-08,13
R0997,PD65,Hendra,2023-06-17,11
R0998,PD65,Ahmad,2023-06-20,13
R0999,PD65,Ahmad,2024-02-06,15
R1000,PD65,Indah,2023-03-28,13
R1001,PD65,Indah,2023-04-27,13
R1002,PD65,Fajar,2025-12-15,13
R1003,PD65,Hendra,2025-08-18,14
R1004,PD65,Gita,2025-04-09,13
R1005,PD65,Hendra,2023-07-24,12
R1006,PD65,Ahmad,2025-01-30,16
R1007,PD65,Budi,2023-07-31,15
R1008,PD65,Cindy,2023-10-07,14
R1009,PD65,Indah,2025-02-20,10
R1010,PD65,Budi,2024-06-23,15
R1011,PD65,Fajar,2025-07-19,12
R1012,PD65,Joko,2023-03-21,11
R1013,PD65,Deni,2025-07-20,14
R1014,PD65,Hendra,2023-11-29,11
R1015,PD65,Indah,2024-03-15,16
R1016,PD65,Deni,2023-08-01,16
R1017,PD65,Eka,2023-11-27,15
R1018,PD65,Eka,2023-11-02,10
R1019,PD65,Deni,2025-04-26,14
R1020,PD65,Joko,2025-09-23,14
R1021,PD65,Eka,2024-11-06,14
R1022,PD65,Cindy,2023-11-22,13
R1023,PD65,Joko,2024-06-27,18
R1024,PD65,Deni,2023-05-12,14
R1025,PD65,Gita,2023-09-15,12
R1026,PD65,Eka,2023-08-26,10
R1027,PD65,Budi,2025-03-04,12
R1028,PD65,Joko,2024-12-24,13
R1029,PD65,Cindy,2025-07-18,16
R1030,PD65,Cindy,2025-01-26,15
R1031,PD65,Eka,2024-10-14,12
R1032,PD65,Fajar,2025-11-03,11
R1033,PD66,Hendra,2025-08-10,7
R1034,PD66,Indah,2024-01-18,4
R1035,PD66,Cindy,2025-10-06,4
R1036,PD66,Deni,2025-07-17,6
R1037,PD66,Fajar,2024-06-09,6
R1038,PD67,Joko,2024-10-15,4
R1039,PD67,Hendra,2023-08-20,2
R1040,PD67,Gita,2025-08-30,4
R1041,PD68,Cindy,2025-01-14,3
R1042,PD68,Budi,2025-08-10,7
R1043,PD69,Fajar,2023-05-17,6
R1044,PD69,Hendra,2025-06-04,7
R1045,PD69,Gita,2023-08-26,7
R1046,PD69,Ahmad,2025-08-21,8
R1047,PD69,Deni,2024-12-28,9
R1048,PD69,Cindy,2024-03-13,10
R1049,PD69,Fajar,2023-10-23,8
R1050,PD69,Gita,2025-10-22,7
R1051,PD69,Deni,2025-06-20,10
R1052,PD69,Indah,2023-08-12,10
R1053,PD69,Cindy,2024-03-17,10
R1054,PD69,Cindy,2024-03-06,7
R1055,PD69,Ahmad,2023-06-24,11
R1056,PD70,Budi,2024-12-22,2
R1057,PD71,Budi,2025-02-15,1
R1058,PD72,Indah,2024-03-21,1
R1059,PD73,Budi,2024-02-15,2
R1060,PD74,Indah,2024-01-28,5
R1061,PD74,Indah,2024-07-14,3
R1062,PD76,Fajar,2024-03-26,2
R1063,PD77,Deni,2025-10-29,3
R1064,PD77,Eka,2024-10-17,5
R1065,PD78,Ahmad,2023-12-31,1
R1066,PD79,Budi,2024-07-15,6
R1067,PD81,Cindy,2025-07-09,6
R1068,PD81,Joko,2025-02-06,4
R1069,PD81,Fajar,2023-11-20,6
R1070,PD81,Gita,2025-01-02,10
R1071,PD81,Ahmad,2023-08-04,5
R1072,PD81,Hendra,2024-07-25,5
R1073,PD81,Ahmad,2023-07-03,2
R1074,PD81,Joko,2023-12-09,2
R1075,PD81,Hendra,2023-10-14,6
R1076,PD82,Hendra,2023-03-13,1
